"numero de elemento","elemento"
"0","5726"
"1","6705"
"2","3845"
"3","4968"
"4","5778"
"5","1400"
"6","1084"
"7","9504"
"8","2889"
"9","4657"
"10","6936"
"11","8712"
"12","6547"
"13","9524"
"14","7045"
"15","2263"
"16","6273"
"17","2544"
"18","1075"
"19","5988"
"20","3996"
"21","9479"
"22","1570"
"23","2368"
"24","5679"
"25","9605"
"26","7234"
"27","2819"
"28","6735"
"29","877"
"30","237"
"31","3953"
"32","9468"
"33","2258"
"34","4448"
"35","7449"
"36","6559"
"37","687"
"38","5604"
"39","5754"
"40","4179"
"41","5397"
"42","187"
"43","5586"
"44","7776"
"45","7887"
"46","7990"
"47","3189"
"48","3698"
"49","7906"
"50","8004"
"51","6870"
"52","2744"
"53","6326"
"54","756"
"55","7605"
"56","4905"
"57","2859"
"58","107"
"59","4885"
"60","2897"
"61","5402"
"62","4321"
"63","6969"
"64","856"
"65","6330"
"66","7158"
"67","9738"
"68","7940"
"69","5804"
"70","3538"
"71","8295"
"72","6853"
"73","1523"
"74","778"
"75","8634"
"76","542"
"77","7555"
"78","2255"
"79","819"
"80","420"
"81","2885"
"82","5840"
"83","7028"
"84","558"
"85","948"
"86","6735"
"87","7143"
"88","6876"
"89","9207"
"90","3793"
"91","1711"
"92","4308"
"93","9787"
"94","8447"
"95","4186"
"96","8600"
"97","9852"
"98","6202"
"99","5488"
"100","724"
"101","1905"
"102","9708"
"103","3756"
"104","3699"
"105","4081"
"106","2169"
"107","8931"
"108","6113"
"109","197"
"110","8211"
"111","885"
"112","7178"
"113","9628"
"114","5997"
"115","4175"
"116","3393"
"117","2549"
"118","4999"
"119","3291"
"120","3342"
"121","5756"
"122","297"
"123","5653"
"124","4223"
"125","8900"
"126","2987"
"127","2858"
"128","5087"
"129","1261"
"130","6608"
"131","2975"
"132","9907"
"133","4387"
"134","6867"
"135","9419"
"136","8001"
"137","5043"
"138","8170"
"139","4467"
"140","5996"
"141","9914"
"142","6311"
"143","4528"
"144","1066"
"145","2523"
"146","4318"
"147","318"
"148","1638"
"149","6925"
"150","6064"
"151","4003"
"152","1345"
"153","1439"
"154","3701"
"155","8906"
"156","8388"
"157","5417"
"158","7689"
"159","9836"
"160","7568"
"161","480"
"162","7469"
"163","6715"
"164","5334"
"165","6389"
"166","206"
"167","8410"
"168","6803"
"169","2652"
"170","5731"
"171","7035"
"172","51"
"173","4116"
"174","224"
"175","2710"
"176","4295"
"177","9031"
"178","5015"
"179","8403"
"180","9857"
"181","8687"
"182","7518"
"183","3525"
"184","3499"
"185","6083"
"186","9467"
"187","5779"
"188","8967"
"189","8781"
"190","5388"
"191","3924"
"192","3489"
"193","8474"
"194","2820"
"195","5367"
"196","577"
"197","1389"
"198","5232"
"199","8732"
"200","6477"
"201","8544"
"202","4439"
"203","2705"
"204","1803"
"205","3256"
"206","5871"
"207","6365"
"208","6948"
"209","4291"
"210","2061"
"211","5923"
"212","3780"
"213","561"
"214","8612"
"215","1700"
"216","7822"
"217","2988"
"218","4879"
"219","4036"
"220","3997"
"221","1910"
"222","7369"
"223","5687"
"224","1653"
"225","6894"
"226","9945"
"227","7623"
"228","1735"
"229","9998"
"230","7228"
"231","5413"
"232","5939"
"233","4131"
"234","6074"
"235","9433"
"236","6424"
"237","8266"
"238","2091"
"239","568"
"240","2023"
"241","4852"
"242","8914"
"243","4018"
"244","1910"
"245","8614"
"246","39"
"247","8932"
"248","4384"
"249","7215"
"250","8691"
"251","528"
"252","5833"
"253","8534"
"254","6532"
"255","5847"
"256","6592"
"257","8704"
"258","5169"
"259","6145"
"260","4461"
"261","7259"
"262","8567"
"263","6505"
"264","5689"
"265","8891"
"266","753"
"267","823"
"268","2397"
"269","1310"
"270","8246"
"271","6203"
"272","3635"
"273","765"
"274","8541"
"275","5411"
"276","5177"
"277","5249"
"278","2475"
"279","8745"
"280","5028"
"281","208"
"282","1117"
"283","5900"
"284","1360"
"285","995"
"286","8561"
"287","330"
"288","8773"
"289","1605"
"290","3422"
"291","2311"
"292","5366"
"293","6858"
"294","6773"
"295","1372"
"296","3812"
"297","3193"
"298","9727"
"299","7982"
"300","8559"
"301","3432"
"302","9813"
"303","2010"
"304","1980"
"305","2210"
"306","8111"
"307","3131"
"308","2033"
"309","8264"
"310","7732"
"311","1655"
"312","1789"
"313","1889"
"314","1120"
"315","9932"
"316","2262"
"317","1375"
"318","4676"
"319","8354"
"320","8826"
"321","672"
"322","3542"
"323","7133"
"324","4487"
"325","1357"
"326","441"
"327","2"
"328","374"
"329","6819"
"330","3704"
"331","8467"
"332","225"
"333","4571"
"334","5516"
"335","8713"
"336","1462"
"337","8952"
"338","7518"
"339","6429"
"340","5379"
"341","9549"
"342","6789"
"343","9219"
"344","2049"
"345","4504"
"346","4048"
"347","8659"
"348","9758"
"349","6735"
"350","368"
"351","8117"
"352","3266"
"353","9206"
"354","8285"
"355","9337"
"356","4835"
"357","1113"
"358","4969"
"359","1904"
"360","8788"
"361","124"
"362","7825"
"363","618"
"364","7992"
"365","3181"
"366","4191"
"367","2589"
"368","6516"
"369","9042"
"370","2701"
"371","4654"
"372","1267"
"373","7845"
"374","8548"
"375","9392"
"376","4131"
"377","8521"
"378","1170"
"379","7670"
"380","5628"
"381","8631"
"382","9498"
"383","7286"
"384","5873"
"385","3386"
"386","885"
"387","541"
"388","4767"
"389","8275"
"390","1543"
"391","5209"
"392","4754"
"393","3593"
"394","1341"
"395","4038"
"396","9271"
"397","9152"
"398","3202"
"399","9352"
"400","1548"
"401","4821"
"402","1840"
"403","6434"
"404","3908"
"405","2212"
"406","2883"
"407","2193"
"408","583"
"409","7575"
"410","5897"
"411","697"
"412","5125"
"413","1195"
"414","1670"
"415","9321"
"416","8811"
"417","6896"
"418","7284"
"419","4909"
"420","8382"
"421","3229"
"422","8776"
"423","640"
"424","9333"
"425","173"
"426","9360"
"427","2636"
"428","5203"
"429","9050"
"430","2120"
"431","4656"
"432","5729"
"433","8980"
"434","6363"
"435","8828"
"436","4347"
"437","8606"
"438","7943"
"439","3852"
"440","1905"
"441","5478"
"442","8265"
"443","7215"
"444","6173"
"445","2687"
"446","7544"
"447","1907"
"448","340"
"449","301"
"450","9485"
"451","6718"
"452","6981"
"453","8716"
"454","3008"
"455","6763"
"456","6079"
"457","4924"
"458","7406"
"459","6768"
"460","3952"
"461","1949"
"462","9718"
"463","440"
"464","2855"
"465","4404"
"466","3875"
"467","5314"
"468","3547"
"469","2583"
"470","6339"
"471","7604"
"472","5252"
"473","4027"
"474","1511"
"475","4397"
"476","6679"
"477","71"
"478","7555"
"479","2966"
"480","6736"
"481","2276"
"482","2693"
"483","7924"
"484","5720"
"485","36"
"486","6658"
"487","8206"
"488","2181"
"489","283"
"490","876"
"491","3221"
"492","3024"
"493","7583"
"494","1632"
"495","1540"
"496","2546"
"497","424"
"498","8603"
"499","1845"
"500","4680"
"501","8755"
"502","7341"
"503","1214"
"504","8998"
"505","9225"
"506","8790"
"507","3478"
"508","1912"
"509","8951"
"510","4924"
"511","1496"
"512","8227"
"513","9929"
"514","3583"
"515","7299"
"516","9562"
"517","344"
"518","787"
"519","7867"
"520","8252"
"521","4046"
"522","13"
"523","7008"
"524","1626"
"525","2258"
"526","4169"
"527","9912"
"528","9078"
"529","9204"
"530","4840"
"531","5532"
"532","7128"
"533","8262"
"534","4439"
"535","204"
"536","5914"
"537","9380"
"538","1994"
"539","8720"
"540","8099"
"541","6530"
"542","183"
"543","1516"
"544","769"
"545","6641"
"546","2479"
"547","7678"
"548","1727"
"549","7326"
"550","168"
"551","6695"
"552","1302"
"553","263"
"554","1541"
"555","5716"
"556","144"
"557","6395"
"558","5959"
"559","6409"
"560","2503"
"561","3949"
"562","3180"
"563","8553"
"564","1308"
"565","1107"
"566","3382"
"567","2404"
"568","8564"
"569","8657"
"570","9767"
"571","7133"
"572","3389"
"573","5214"
"574","1880"
"575","4486"
"576","3726"
"577","8992"
"578","8297"
"579","3018"
"580","5900"
"581","7785"
"582","1746"
"583","3799"
"584","6249"
"585","157"
"586","5000"
"587","951"
"588","1558"
"589","4174"
"590","8572"
"591","2873"
"592","234"
"593","5478"
"594","3405"
"595","3873"
"596","9947"
"597","5568"
"598","7342"
"599","9960"
"600","8856"
"601","7220"
"602","3970"
"603","9857"
"604","2329"
"605","7725"
"606","1507"
"607","3770"
"608","9870"
"609","1897"
"610","7521"
"611","1675"
"612","3765"
"613","8076"
"614","6440"
"615","478"
"616","7895"
"617","401"
"618","8315"
"619","7866"
"620","3633"
"621","3039"
"622","5805"
"623","3678"
"624","6193"
"625","6035"
"626","286"
"627","4311"
"628","7462"
"629","6240"
"630","7266"
"631","5374"
"632","4266"
"633","8591"
"634","3581"
"635","6193"
"636","5820"
"637","3556"
"638","7307"
"639","5932"
"640","6565"
"641","8496"
"642","5004"
"643","5972"
"644","7117"
"645","5293"
"646","8908"
"647","944"
"648","6982"
"649","3321"
"650","6433"
"651","2740"
"652","197"
"653","8145"
"654","9230"
"655","6635"
"656","6913"
"657","2409"
"658","6852"
"659","8816"
"660","2020"
"661","1734"
"662","7351"
"663","1481"
"664","7278"
"665","2665"
"666","5167"
"667","1041"
"668","2825"
"669","2344"
"670","6901"
"671","9489"
"672","8456"
"673","1898"
"674","4205"
"675","7866"
"676","840"
"677","5102"
"678","7956"
"679","1553"
"680","8472"
"681","808"
"682","958"
"683","1207"
"684","9685"
"685","2890"
"686","1586"
"687","5108"
"688","6142"
"689","8171"
"690","9634"
"691","3168"
"692","6647"
"693","3847"
"694","418"
"695","2621"
"696","1624"
"697","7811"
"698","4425"
"699","7701"
"700","261"
"701","7883"
"702","4197"
"703","363"
"704","7689"
"705","3306"
"706","5737"
"707","6432"
"708","3979"
"709","7636"
"710","9378"
"711","2133"
"712","8371"
"713","7443"
"714","1783"
"715","2904"
"716","9126"
"717","2621"
"718","1726"
"719","5037"
"720","7212"
"721","2270"
"722","556"
"723","7754"
"724","6787"
"725","7191"
"726","4628"
"727","1647"
"728","8908"
"729","403"
"730","785"
"731","3264"
"732","1940"
"733","4354"
"734","3359"
"735","464"
"736","4701"
"737","372"
"738","7923"
"739","2396"
"740","1802"
"741","1923"
"742","5914"
"743","3121"
"744","4794"
"745","4509"
"746","6319"
"747","1242"
"748","8907"
"749","9837"
"750","4822"
"751","4922"
"752","7568"
"753","6997"
"754","9862"
"755","6131"
"756","4909"
"757","9482"
"758","8356"
"759","8929"
"760","5679"
"761","4380"
"762","2010"
"763","6535"
"764","2040"
"765","6833"
"766","582"
"767","1891"
"768","9368"
"769","1805"
"770","5791"
"771","3407"
"772","2312"
"773","1887"
"774","4114"
"775","3847"
"776","6496"
"777","3339"
"778","6954"
"779","7699"
"780","3113"
"781","3648"
"782","3182"
"783","8960"
"784","8348"
"785","6773"
"786","149"
"787","8895"
"788","728"
"789","2293"
"790","8276"
"791","9097"
"792","5475"
"793","7283"
"794","88"
"795","5021"
"796","344"
"797","4140"
"798","3999"
"799","8856"
"800","1647"
"801","1384"
"802","1137"
"803","144"
"804","9978"
"805","9132"
"806","3708"
"807","2173"
"808","5659"
"809","8608"
"810","6109"
"811","5012"
"812","643"
"813","5048"
"814","9498"
"815","2194"
"816","7077"
"817","9825"
"818","8860"
"819","5633"
"820","7673"
"821","5033"
"822","8186"
"823","8010"
"824","7677"
"825","4571"
"826","1728"
"827","7975"
"828","5638"
"829","7606"
"830","2206"
"831","9827"
"832","9060"
"833","938"
"834","8189"
"835","4097"
"836","1331"
"837","1886"
"838","4973"
"839","9734"
"840","5550"
"841","1776"
"842","8698"
"843","4772"
"844","8126"
"845","1994"
"846","1773"
"847","1523"
"848","7168"
"849","1757"
"850","9055"
"851","7598"
"852","2948"
"853","1421"
"854","3880"
"855","2744"
"856","4033"
"857","4873"
"858","8245"
"859","9449"
"860","8182"
"861","5957"
"862","1735"
"863","1849"
"864","7324"
"865","9894"
"866","8712"
"867","2407"
"868","9544"
"869","2489"
"870","7529"
"871","8534"
"872","428"
"873","1904"
"874","8423"
"875","389"
"876","1037"
"877","9482"
"878","2445"
"879","9673"
"880","8767"
"881","6478"
"882","5938"
"883","6570"
"884","316"
"885","6340"
"886","9698"
"887","183"
"888","7396"
"889","2704"
"890","5595"
"891","2934"
"892","349"
"893","6108"
"894","7054"
"895","6972"
"896","4988"
"897","3104"
"898","6229"
"899","9925"
"900","4524"
"901","97"
"902","9012"
"903","5985"
"904","5051"
"905","6483"
"906","4296"
"907","1628"
"908","8373"
"909","7404"
"910","2700"
"911","1368"
"912","3591"
"913","9959"
"914","4362"
"915","5512"
"916","4725"
"917","8834"
"918","7358"
"919","5787"
"920","4616"
"921","3876"
"922","5558"
"923","5891"
"924","5375"
"925","7246"
"926","8310"
"927","7218"
"928","4038"
"929","2285"
"930","5097"
"931","4672"
"932","8340"
"933","1113"
"934","3425"
"935","6572"
"936","2638"
"937","1534"
"938","7343"
"939","9116"
"940","5529"
"941","5428"
"942","2062"
"943","3410"
"944","7581"
"945","9469"
"946","6682"
"947","6237"
"948","5877"
"949","5498"
"950","5630"
"951","25"
"952","3410"
"953","138"
"954","8827"
"955","5044"
"956","639"
"957","5425"
"958","2676"
"959","7054"
"960","3584"
"961","2208"
"962","6118"
"963","5116"
"964","5219"
"965","2951"
"966","4646"
"967","329"
"968","4329"
"969","5364"
"970","6610"
"971","4058"
"972","7086"
"973","118"
"974","1289"
"975","7788"
"976","243"
"977","227"
"978","8886"
"979","621"
"980","2813"
"981","2"
"982","7847"
"983","6051"
"984","6087"
"985","7573"
"986","9373"
"987","6973"
"988","8242"
"989","9671"
"990","6140"
"991","5348"
"992","1260"
"993","4158"
"994","3234"
"995","8013"
"996","6062"
"997","7405"
"998","1621"
"999","1470"
"1000","5344"
"1001","8761"
"1002","8980"
"1003","4282"
"1004","1447"
"1005","9894"
"1006","6879"
"1007","8811"
"1008","6287"
"1009","3069"
"1010","595"
"1011","8955"
"1012","3811"
"1013","7596"
"1014","4589"
"1015","6687"
"1016","7241"
"1017","1402"
"1018","720"
"1019","417"
"1020","3627"
"1021","8613"
"1022","7954"
"1023","8488"
"1024","4192"
"1025","3194"
"1026","9584"
"1027","6310"
"1028","2937"
"1029","4528"
"1030","9538"
"1031","2878"
"1032","1559"
"1033","2626"
"1034","1946"
"1035","1839"
"1036","2681"
"1037","7895"
"1038","6197"
"1039","4082"
"1040","6771"
"1041","4816"
"1042","6164"
"1043","9020"
"1044","1755"
"1045","6573"
"1046","8916"
"1047","5472"
"1048","5613"
"1049","6300"
"1050","8777"
"1051","6580"
"1052","7039"
"1053","4847"
"1054","122"
"1055","5678"
"1056","4846"
"1057","6329"
"1058","8165"
"1059","6796"
"1060","2551"
"1061","709"
"1062","1747"
"1063","5469"
"1064","210"
"1065","146"
"1066","3846"
"1067","6942"
"1068","9624"
"1069","671"
"1070","4207"
"1071","4916"
"1072","7013"
"1073","719"
"1074","7773"
"1075","1475"
"1076","2232"
"1077","3897"
"1078","2192"
"1079","7018"
"1080","5448"
"1081","5951"
"1082","347"
"1083","204"
"1084","9377"
"1085","2649"
"1086","7655"
"1087","9051"
"1088","8332"
"1089","3566"
"1090","7396"
"1091","8498"
"1092","9836"
"1093","6430"
"1094","5882"
"1095","8703"
"1096","2773"
"1097","1822"
"1098","8814"
"1099","8043"
"1100","3127"
"1101","7600"
"1102","9873"
"1103","6264"
"1104","8600"
"1105","6783"
"1106","9746"
"1107","4086"
"1108","1583"
"1109","2244"
"1110","564"
"1111","5905"
"1112","6348"
"1113","8120"
"1114","6442"
"1115","7819"
"1116","2646"
"1117","6263"
"1118","6702"
"1119","2305"
"1120","6348"
"1121","8093"
"1122","9521"
"1123","2845"
"1124","3213"
"1125","8112"
"1126","4396"
"1127","4200"
"1128","4676"
"1129","5161"
"1130","3782"
"1131","6361"
"1132","4218"
"1133","8848"
"1134","2414"
"1135","3103"
"1136","5455"
"1137","1459"
"1138","3784"
"1139","4023"
"1140","2131"
"1141","402"
"1142","5813"
"1143","1354"
"1144","1007"
"1145","7067"
"1146","3850"
"1147","8533"
"1148","9393"
"1149","1277"
"1150","6963"
"1151","5110"
"1152","6228"
"1153","8395"
"1154","6496"
"1155","9985"
"1156","7134"
"1157","6927"
"1158","7405"
"1159","7804"
"1160","1779"
"1161","9799"
"1162","8432"
"1163","4797"
"1164","8518"
"1165","3105"
"1166","8988"
"1167","1886"
"1168","8480"
"1169","9103"
"1170","18"
"1171","3722"
"1172","1145"
"1173","3191"
"1174","3079"
"1175","8551"
"1176","4131"
"1177","1482"
"1178","2448"
"1179","7408"
"1180","7687"
"1181","9535"
"1182","1161"
"1183","493"
"1184","3111"
"1185","4107"
"1186","4246"
"1187","8625"
"1188","6434"
"1189","6287"
"1190","8177"
"1191","3808"
"1192","3686"
"1193","3773"
"1194","3442"
"1195","5755"
"1196","7103"
"1197","3048"
"1198","3165"
"1199","8586"
"1200","2478"
"1201","3624"
"1202","1812"
"1203","5636"
"1204","8741"
"1205","6503"
"1206","7549"
"1207","8462"
"1208","2766"
"1209","8955"
"1210","8191"
"1211","3246"
"1212","491"
"1213","4304"
"1214","566"
"1215","826"
"1216","4249"
"1217","3665"
"1218","5350"
"1219","5682"
"1220","2430"
"1221","9011"
"1222","4588"
"1223","5863"
"1224","9233"
"1225","6975"
"1226","3551"
"1227","3478"
"1228","6328"
"1229","4105"
"1230","2133"
"1231","8821"
"1232","8012"
"1233","4833"
"1234","2611"
"1235","1353"
"1236","4922"
"1237","1174"
"1238","861"
"1239","2530"
"1240","1587"
"1241","7714"
"1242","8891"
"1243","3571"
"1244","2338"
"1245","8038"
"1246","8508"
"1247","9506"
"1248","5757"
"1249","9474"
"1250","8212"
"1251","1336"
"1252","8117"
"1253","7761"
"1254","7681"
"1255","8165"
"1256","8808"
"1257","6703"
"1258","811"
"1259","6115"
"1260","2214"
"1261","6472"
"1262","2810"
"1263","4725"
"1264","2848"
"1265","7695"
"1266","9362"
"1267","7037"
"1268","2044"
"1269","8071"
"1270","8089"
"1271","5863"
"1272","405"
"1273","6658"
"1274","6745"
"1275","6597"
"1276","4176"
"1277","4163"
"1278","2656"
"1279","1095"
"1280","5961"
"1281","8514"
"1282","9252"
"1283","2950"
"1284","6059"
"1285","5019"
"1286","8085"
"1287","3326"
"1288","7087"
"1289","3107"
"1290","3483"
"1291","8646"
"1292","1212"
"1293","9497"
"1294","7614"
"1295","5773"
"1296","3725"
"1297","3461"
"1298","6101"
"1299","7699"
"1300","2640"
"1301","6736"
"1302","7286"
"1303","7073"
"1304","298"
"1305","5503"
"1306","6347"
"1307","9558"
"1308","9976"
"1309","9453"
"1310","5286"
"1311","8239"
"1312","2000"
"1313","9395"
"1314","1579"
"1315","2513"
"1316","8086"
"1317","1879"
"1318","6828"
"1319","2406"
"1320","2602"
"1321","9423"
"1322","1458"
"1323","7426"
"1324","8111"
"1325","256"
"1326","2807"
"1327","9873"
"1328","7719"
"1329","7223"
"1330","6816"
"1331","8736"
"1332","1849"
"1333","643"
"1334","3255"
"1335","244"
"1336","7477"
"1337","7678"
"1338","7576"
"1339","2282"
"1340","574"
"1341","9734"
"1342","6897"
"1343","3388"
"1344","7750"
"1345","1340"
"1346","8444"
"1347","5773"
"1348","9431"
"1349","5559"
"1350","2121"
"1351","7041"
"1352","8541"
"1353","3990"
"1354","6516"
"1355","60"
"1356","7618"
"1357","5313"
"1358","7430"
"1359","8422"
"1360","9473"
"1361","1946"
"1362","5896"
"1363","2647"
"1364","5212"
"1365","7782"
"1366","7522"
"1367","9093"
"1368","3897"
"1369","8866"
"1370","5841"
"1371","6999"
"1372","1159"
"1373","515"
"1374","2295"
"1375","9876"
"1376","5823"
"1377","4190"
"1378","5068"
"1379","3005"
"1380","2933"
"1381","8305"
"1382","3250"
"1383","3732"
"1384","5917"
"1385","7884"
"1386","870"
"1387","664"
"1388","6858"
"1389","4095"
"1390","5634"
"1391","3502"
"1392","8833"
"1393","9858"
"1394","6784"
"1395","4781"
"1396","9181"
"1397","1627"
"1398","3353"
"1399","5014"
"1400","7372"
"1401","9119"
"1402","2620"
"1403","2558"
"1404","8695"
"1405","4728"
"1406","1898"
"1407","2522"
"1408","6286"
"1409","3871"
"1410","4301"
"1411","3366"
"1412","2258"
"1413","2311"
"1414","1497"
"1415","6578"
"1416","7964"
"1417","7158"
"1418","5947"
"1419","4793"
"1420","6826"
"1421","8976"
"1422","4190"
"1423","1759"
"1424","8938"
"1425","8433"
"1426","2812"
"1427","7094"
"1428","6175"
"1429","6359"
"1430","8865"
"1431","9085"
"1432","4897"
"1433","5210"
"1434","8892"
"1435","6662"
"1436","5697"
"1437","1737"
"1438","1871"
"1439","4754"
"1440","1353"
"1441","4418"
"1442","7957"
"1443","1692"
"1444","2354"
"1445","8862"
"1446","3459"
"1447","415"
"1448","5967"
"1449","2455"
"1450","5943"
"1451","4484"
"1452","6647"
"1453","3318"
"1454","4333"
"1455","5820"
"1456","6480"
"1457","8333"
"1458","4481"
"1459","2694"
"1460","9527"
"1461","5310"
"1462","8830"
"1463","3485"
"1464","7244"
"1465","4790"
"1466","2373"
"1467","7089"
"1468","4889"
"1469","3338"
"1470","3945"
"1471","2561"
"1472","7731"
"1473","7212"
"1474","4679"
"1475","2530"
"1476","826"
"1477","7018"
"1478","8692"
"1479","511"
"1480","6315"
"1481","8643"
"1482","8782"
"1483","4717"
"1484","4084"
"1485","9063"
"1486","564"
"1487","5224"
"1488","2551"
"1489","9578"
"1490","3377"
"1491","8400"
"1492","5800"
"1493","2708"
"1494","9972"
"1495","522"
"1496","7713"
"1497","3368"
"1498","8603"
"1499","932"
"1500","2917"
"1501","6687"
"1502","1486"
"1503","6841"
"1504","4816"
"1505","5024"
"1506","3480"
"1507","7693"
"1508","9229"
"1509","8399"
"1510","3519"
"1511","9014"
"1512","2626"
"1513","3711"
"1514","85"
"1515","2695"
"1516","4262"
"1517","6741"
"1518","5655"
"1519","8426"
"1520","1875"
"1521","5083"
"1522","786"
"1523","8088"
"1524","2406"
"1525","9597"
"1526","3206"
"1527","1896"
"1528","260"
"1529","7811"
"1530","5011"
"1531","947"
"1532","4934"
"1533","9500"
"1534","8768"
"1535","5168"
"1536","676"
"1537","9619"
"1538","7466"
"1539","4433"
"1540","8944"
"1541","577"
"1542","1753"
"1543","1736"
"1544","4649"
"1545","2270"
"1546","7247"
"1547","9495"
"1548","3825"
"1549","8677"
"1550","3433"
"1551","643"
"1552","872"
"1553","3380"
"1554","1992"
"1555","7700"
"1556","8007"
"1557","7517"
"1558","1129"
"1559","2044"
"1560","3672"
"1561","8892"
"1562","592"
"1563","9089"
"1564","2850"
"1565","3124"
"1566","6500"
"1567","5721"
"1568","8339"
"1569","2280"
"1570","9587"
"1571","8209"
"1572","3319"
"1573","6563"
"1574","8870"
"1575","9674"
"1576","3861"
"1577","901"
"1578","2880"
"1579","7232"
"1580","5880"
"1581","8267"
"1582","2368"
"1583","8456"
"1584","8698"
"1585","1402"
"1586","2565"
"1587","4678"
"1588","92"
"1589","5543"
"1590","2449"
"1591","2536"
"1592","4179"
"1593","9542"
"1594","8438"
"1595","5283"
"1596","8909"
"1597","717"
"1598","3390"
"1599","6984"
"1600","818"
"1601","3427"
"1602","2215"
"1603","1490"
"1604","741"
"1605","4795"
"1606","8634"
"1607","5582"
"1608","9608"
"1609","935"
"1610","6604"
"1611","3191"
"1612","9567"
"1613","2443"
"1614","2462"
"1615","9998"
"1616","4285"
"1617","4688"
"1618","351"
"1619","8131"
"1620","5356"
"1621","497"
"1622","9906"
"1623","7858"
"1624","4104"
"1625","3909"
"1626","2250"
"1627","5260"
"1628","2922"
"1629","9513"
"1630","9233"
"1631","2193"
"1632","3731"
"1633","1513"
"1634","3336"
"1635","9847"
"1636","2222"
"1637","7787"
"1638","1289"
"1639","8810"
"1640","5608"
"1641","1321"
"1642","9720"
"1643","2992"
"1644","8651"
"1645","217"
"1646","1880"
"1647","4712"
"1648","2838"
"1649","1178"
"1650","8490"
"1651","9774"
"1652","9000"
"1653","6861"
"1654","7839"
"1655","3181"
"1656","9899"
"1657","9422"
"1658","9343"
"1659","4450"
"1660","5918"
"1661","7389"
"1662","9715"
"1663","2504"
"1664","1131"
"1665","7357"
"1666","6460"
"1667","5974"
"1668","3431"
"1669","2361"
"1670","1494"
"1671","2481"
"1672","1447"
"1673","6910"
"1674","2951"
"1675","1791"
"1676","960"
"1677","8057"
"1678","6066"
"1679","601"
"1680","4551"
"1681","6205"
"1682","1432"
"1683","4780"
"1684","4135"
"1685","4465"
"1686","5006"
"1687","2573"
"1688","1632"
"1689","4244"
"1690","4681"
"1691","9174"
"1692","9069"
"1693","7982"
"1694","8950"
"1695","6546"
"1696","1758"
"1697","9524"
"1698","6310"
"1699","9104"
"1700","8660"
"1701","6647"
"1702","534"
"1703","7175"
"1704","5387"
"1705","8842"
"1706","9645"
"1707","8039"
"1708","6033"
"1709","6750"
"1710","1183"
"1711","919"
"1712","3861"
"1713","8237"
"1714","6591"
"1715","1521"
"1716","5643"
"1717","3983"
"1718","6225"
"1719","7446"
"1720","2796"
"1721","315"
"1722","3421"
"1723","7551"
"1724","9033"
"1725","6574"
"1726","9151"
"1727","577"
"1728","9312"
"1729","5265"
"1730","9179"
"1731","9660"
"1732","56"
"1733","7722"
"1734","5565"
"1735","8720"
"1736","3111"
"1737","8466"
"1738","2047"
"1739","5277"
"1740","3619"
"1741","9694"
"1742","869"
"1743","3878"
"1744","8084"
"1745","3116"
"1746","9794"
"1747","2976"
"1748","9416"
"1749","5740"
"1750","1037"
"1751","1661"
"1752","3329"
"1753","3800"
"1754","9069"
"1755","4047"
"1756","3305"
"1757","2658"
"1758","2753"
"1759","5979"
"1760","5045"
"1761","8729"
"1762","2589"
"1763","8348"
"1764","1496"
"1765","7910"
"1766","4079"
"1767","9777"
"1768","2238"
"1769","5113"
"1770","448"
"1771","9316"
"1772","4841"
"1773","9020"
"1774","1894"
"1775","4504"
"1776","232"
"1777","944"
"1778","8261"
"1779","3518"
"1780","787"
"1781","8092"
"1782","7541"
"1783","644"
"1784","2148"
"1785","1935"
"1786","1791"
"1787","91"
"1788","4543"
"1789","4078"
"1790","2482"
"1791","1811"
"1792","6130"
"1793","1214"
"1794","3394"
"1795","9669"
"1796","9607"
"1797","6176"
"1798","8928"
"1799","940"
"1800","8326"
"1801","6596"
"1802","4340"
"1803","9681"
"1804","5287"
"1805","6795"
"1806","3142"
"1807","4114"
"1808","1222"
"1809","1325"
"1810","7389"
"1811","6415"
"1812","6431"
"1813","6403"
"1814","7839"
"1815","3521"
"1816","1945"
"1817","1747"
"1818","567"
"1819","3750"
"1820","5855"
"1821","3510"
"1822","1988"
"1823","6589"
"1824","937"
"1825","3159"
"1826","5054"
"1827","1642"
"1828","4841"
"1829","7370"
"1830","2339"
"1831","5767"
"1832","6626"
"1833","1670"
"1834","1984"
"1835","9272"
"1836","5107"
"1837","9472"
"1838","5259"
"1839","4505"
"1840","6256"
"1841","8678"
"1842","9517"
"1843","8470"
"1844","881"
"1845","4309"
"1846","1357"
"1847","7367"
"1848","7956"
"1849","1656"
"1850","9271"
"1851","1941"
"1852","5070"
"1853","9101"
"1854","9964"
"1855","3245"
"1856","95"
"1857","5461"
"1858","7939"
"1859","2641"
"1860","6996"
"1861","1032"
"1862","8605"
"1863","6949"
"1864","8853"
"1865","7107"
"1866","1030"
"1867","7341"
"1868","4798"
"1869","5647"
"1870","3736"
"1871","5424"
"1872","7083"
"1873","4847"
"1874","9337"
"1875","9976"
"1876","8397"
"1877","2870"
"1878","6132"
"1879","5417"
"1880","1833"
"1881","5890"
"1882","9189"
"1883","2524"
"1884","9952"
"1885","1097"
"1886","6718"
"1887","7080"
"1888","6217"
"1889","7134"
"1890","3415"
"1891","795"
"1892","1722"
"1893","3584"
"1894","4818"
"1895","3834"
"1896","9493"
"1897","3904"
"1898","8508"
"1899","9747"
"1900","5311"
"1901","6125"
"1902","2544"
"1903","283"
"1904","1820"
"1905","1901"
"1906","7637"
"1907","5449"
"1908","2150"
"1909","6602"
"1910","8920"
"1911","2814"
"1912","5837"
"1913","710"
"1914","5444"
"1915","6223"
"1916","4296"
"1917","4509"
"1918","8557"
"1919","4880"
"1920","4937"
"1921","7702"
"1922","2701"
"1923","6991"
"1924","1359"
"1925","4533"
"1926","5814"
"1927","6506"
"1928","6165"
"1929","928"
"1930","1862"
"1931","4414"
"1932","6408"
"1933","940"
"1934","3096"
"1935","3262"
"1936","9013"
"1937","1283"
"1938","5206"
"1939","3324"
"1940","2417"
"1941","3620"
"1942","8668"
"1943","3719"
"1944","9298"
"1945","9928"
"1946","6345"
"1947","5729"
"1948","4842"
"1949","4940"
"1950","6655"
"1951","7163"
"1952","2741"
"1953","1328"
"1954","457"
"1955","303"
"1956","6888"
"1957","7018"
"1958","8924"
"1959","266"
"1960","1289"
"1961","408"
"1962","1110"
"1963","5828"
"1964","7709"
"1965","5041"
"1966","2803"
"1967","6669"
"1968","220"
"1969","2214"
"1970","8847"
"1971","3606"
"1972","1137"
"1973","6442"
"1974","9766"
"1975","8553"
"1976","125"
"1977","8586"
"1978","166"
"1979","6390"
"1980","7308"
"1981","4235"
"1982","6422"
"1983","1580"
"1984","7039"
"1985","4880"
"1986","2208"
"1987","7968"
"1988","1496"
"1989","2373"
"1990","3881"
"1991","4908"
"1992","5109"
"1993","2619"
"1994","3010"
"1995","9319"
"1996","3283"
"1997","4575"
"1998","6263"
"1999","4973"
"2000","8451"
"2001","1033"
"2002","2021"
"2003","955"
"2004","9130"
"2005","2302"
"2006","1352"
"2007","1657"
"2008","4803"
"2009","2291"
"2010","6737"
"2011","5972"
"2012","5119"
"2013","9151"
"2014","6647"
"2015","8503"
"2016","3037"
"2017","5019"
"2018","3781"
"2019","6037"
"2020","3252"
"2021","2664"
"2022","5233"
"2023","2518"
"2024","8252"
"2025","3357"
"2026","4573"
"2027","6156"
"2028","5389"
"2029","9132"
"2030","6038"
"2031","3680"
"2032","1616"
"2033","5200"
"2034","9482"
"2035","3022"
"2036","7921"
"2037","9542"
"2038","7351"
"2039","4730"
"2040","3430"
"2041","1044"
"2042","5518"
"2043","2349"
"2044","8089"
"2045","794"
"2046","1158"
"2047","7776"
"2048","9201"
"2049","852"
"2050","7292"
"2051","1731"
"2052","5055"
"2053","905"
"2054","2616"
"2055","5595"
"2056","7412"
"2057","1555"
"2058","3052"
"2059","5718"
"2060","2720"
"2061","6347"
"2062","5125"
"2063","6780"
"2064","2773"
"2065","9184"
"2066","7364"
"2067","9508"
"2068","7738"
"2069","9988"
"2070","5270"
"2071","8688"
"2072","6092"
"2073","6035"
"2074","2127"
"2075","4742"
"2076","7438"
"2077","2625"
"2078","9302"
"2079","1291"
"2080","465"
"2081","7631"
"2082","8330"
"2083","6606"
"2084","2750"
"2085","58"
"2086","5426"
"2087","5455"
"2088","6912"
"2089","8736"
"2090","1633"
"2091","362"
"2092","5776"
"2093","9759"
"2094","4552"
"2095","8900"
"2096","792"
"2097","8652"
"2098","8198"
"2099","7537"
"2100","3896"
"2101","6333"
"2102","1131"
"2103","9535"
"2104","2375"
"2105","3636"
"2106","5018"
"2107","3010"
"2108","1697"
"2109","5448"
"2110","6124"
"2111","6733"
"2112","8143"
"2113","4129"
"2114","8610"
"2115","4938"
"2116","4037"
"2117","3488"
"2118","3458"
"2119","8262"
"2120","1636"
"2121","4969"
"2122","8082"
"2123","8188"
"2124","8752"
"2125","3630"
"2126","2531"
"2127","9804"
"2128","3227"
"2129","8313"
"2130","4213"
"2131","4104"
"2132","2880"
"2133","8341"
"2134","9640"
"2135","7243"
"2136","5868"
"2137","2346"
"2138","8706"
"2139","7654"
"2140","8023"
"2141","1091"
"2142","541"
"2143","2552"
"2144","4881"
"2145","109"
"2146","3608"
"2147","7514"
"2148","3783"
"2149","1375"
"2150","3837"
"2151","388"
"2152","4900"
"2153","1249"
"2154","8963"
"2155","8495"
"2156","4916"
"2157","6410"
"2158","1578"
"2159","4424"
"2160","8788"
"2161","9946"
"2162","7203"
"2163","8366"
"2164","453"
"2165","2288"
"2166","1314"
"2167","4056"
"2168","9920"
"2169","7897"
"2170","8220"
"2171","2470"
"2172","8979"
"2173","6598"
"2174","5914"
"2175","4242"
"2176","1850"
"2177","5720"
"2178","1072"
"2179","7938"
"2180","6616"
"2181","6811"
"2182","8375"
"2183","9646"
"2184","4036"
"2185","9196"
"2186","1398"
"2187","4328"
"2188","3777"
"2189","3880"
"2190","4480"
"2191","5229"
"2192","2838"
"2193","2195"
"2194","3158"
"2195","4774"
"2196","540"
"2197","1810"
"2198","253"
"2199","3099"
"2200","5798"
"2201","6709"
"2202","1738"
"2203","613"
"2204","1082"
"2205","7237"
"2206","1338"
"2207","8062"
"2208","5437"
"2209","2741"
"2210","6271"
"2211","3400"
"2212","1198"
"2213","9624"
"2214","5460"
"2215","2198"
"2216","4568"
"2217","7311"
"2218","5009"
"2219","7579"
"2220","3755"
"2221","6477"
"2222","8106"
"2223","2013"
"2224","8020"
"2225","2441"
"2226","7106"
"2227","3221"
"2228","2233"
"2229","4815"
"2230","7229"
"2231","1815"
"2232","9281"
"2233","5748"
"2234","6338"
"2235","7912"
"2236","576"
"2237","4483"
"2238","7199"
"2239","7008"
"2240","8896"
"2241","3289"
"2242","1896"
"2243","8894"
"2244","2714"
"2245","1769"
"2246","5079"
"2247","3458"
"2248","9396"
"2249","2653"
"2250","2199"
"2251","4955"
"2252","7461"
"2253","7099"
"2254","7948"
"2255","8494"
"2256","3332"
"2257","431"
"2258","4473"
"2259","1919"
"2260","5935"
"2261","9914"
"2262","8709"
"2263","303"
"2264","6007"
"2265","7895"
"2266","1112"
"2267","2291"
"2268","1912"
"2269","1878"
"2270","5919"
"2271","9772"
"2272","9014"
"2273","3895"
"2274","3631"
"2275","376"
"2276","8130"
"2277","2212"
"2278","2022"
"2279","7493"
"2280","5629"
"2281","843"
"2282","7804"
"2283","7325"
"2284","5188"
"2285","4999"
"2286","2393"
"2287","8211"
"2288","5609"
"2289","2922"
"2290","7265"
"2291","2696"
"2292","6690"
"2293","5401"
"2294","5786"
"2295","8137"
"2296","7130"
"2297","7508"
"2298","2318"
"2299","5849"
"2300","1702"
"2301","8688"
"2302","620"
"2303","9111"
"2304","9506"
"2305","9875"
"2306","6856"
"2307","5148"
"2308","3994"
"2309","4316"
"2310","5859"
"2311","3939"
"2312","6421"
"2313","5260"
"2314","6149"
"2315","8981"
"2316","187"
"2317","9205"
"2318","7607"
"2319","2640"
"2320","2167"
"2321","333"
"2322","5805"
"2323","6323"
"2324","2999"
"2325","1262"
"2326","9984"
"2327","5129"
"2328","8208"
"2329","5950"
"2330","2394"
"2331","3999"
"2332","6191"
"2333","5911"
"2334","7210"
"2335","4147"
"2336","3082"
"2337","1426"
"2338","8072"
"2339","7388"
"2340","5237"
"2341","6372"
"2342","4515"
"2343","9904"
"2344","5057"
"2345","1733"
"2346","9221"
"2347","6758"
"2348","2975"
"2349","4376"
"2350","8616"
"2351","4969"
"2352","5858"
"2353","636"
"2354","4353"
"2355","7557"
"2356","5521"
"2357","3743"
"2358","4379"
"2359","577"
"2360","7580"
"2361","2714"
"2362","47"
"2363","8201"
"2364","8790"
"2365","4669"
"2366","9807"
"2367","6678"
"2368","7521"
"2369","7175"
"2370","3810"
"2371","2812"
"2372","3016"
"2373","9105"
"2374","9209"
"2375","2081"
"2376","6741"
"2377","2424"
"2378","1440"
"2379","7189"
"2380","4723"
"2381","8086"
"2382","881"
"2383","4322"
"2384","2221"
"2385","668"
"2386","6066"
"2387","1025"
"2388","2213"
"2389","3070"
"2390","7134"
"2391","118"
"2392","8786"
"2393","9355"
"2394","6913"
"2395","5754"
"2396","8432"
"2397","6007"
"2398","5917"
"2399","6819"
"2400","9483"
"2401","9591"
"2402","6970"
"2403","9426"
"2404","9766"
"2405","2792"
"2406","2043"
"2407","72"
"2408","4389"
"2409","6156"
"2410","7307"
"2411","806"
"2412","1564"
"2413","8642"
"2414","1845"
"2415","2000"
"2416","8110"
"2417","3857"
"2418","1699"
"2419","3308"
"2420","3351"
"2421","2656"
"2422","223"
"2423","4701"
"2424","1669"
"2425","8069"
"2426","6245"
"2427","6711"
"2428","7041"
"2429","9433"
"2430","3209"
"2431","1710"
"2432","3276"
"2433","549"
"2434","2533"
"2435","9968"
"2436","6948"
"2437","8523"
"2438","9547"
"2439","8299"
"2440","6726"
"2441","2514"
"2442","6585"
"2443","6236"
"2444","7853"
"2445","4335"
"2446","1082"
"2447","8981"
"2448","6056"
"2449","8077"
"2450","4008"
"2451","7626"
"2452","8394"
"2453","7946"
"2454","3392"
"2455","9865"
"2456","4683"
"2457","2141"
"2458","9102"
"2459","7971"
"2460","524"
"2461","8391"
"2462","7799"
"2463","9099"
"2464","3704"
"2465","3221"
"2466","694"
"2467","7066"
"2468","133"
"2469","4623"
"2470","4286"
"2471","1821"
"2472","5914"
"2473","6865"
"2474","4126"
"2475","6044"
"2476","6827"
"2477","531"
"2478","2178"
"2479","9223"
"2480","111"
"2481","2630"
"2482","6022"
"2483","5663"
"2484","7331"
"2485","2142"
"2486","8725"
"2487","4446"
"2488","7767"
"2489","7383"
"2490","2448"
"2491","852"
"2492","6182"
"2493","8949"
"2494","475"
"2495","6687"
"2496","5635"
"2497","2364"
"2498","1953"
"2499","7126"
"2500","6654"
"2501","6264"
"2502","7015"
"2503","2370"
"2504","3718"
"2505","8202"
"2506","6414"
"2507","601"
"2508","5625"
"2509","1824"
"2510","9698"
"2511","8681"
"2512","7431"
"2513","5344"
"2514","8528"
"2515","5518"
"2516","7509"
"2517","5233"
"2518","8692"
"2519","5936"
"2520","1021"
"2521","981"
"2522","1232"
"2523","3948"
"2524","5522"
"2525","2711"
"2526","920"
"2527","8108"
"2528","481"
"2529","5517"
"2530","7994"
"2531","2454"
"2532","4243"
"2533","6586"
"2534","412"
"2535","3966"
"2536","8143"
"2537","1683"
"2538","4510"
"2539","4521"
"2540","4060"
"2541","2043"
"2542","5998"
"2543","9183"
"2544","4980"
"2545","3390"
"2546","5082"
"2547","4220"
"2548","357"
"2549","5302"
"2550","8303"
"2551","7971"
"2552","2881"
"2553","7693"
"2554","5073"
"2555","415"
"2556","4309"
"2557","6592"
"2558","5156"
"2559","6568"
"2560","8454"
"2561","6125"
"2562","3574"
"2563","8606"
"2564","6823"
"2565","3721"
"2566","2671"
"2567","7797"
"2568","5079"
"2569","2111"
"2570","4529"
"2571","4766"
"2572","5048"
"2573","8376"
"2574","1354"
"2575","4509"
"2576","1034"
"2577","9636"
"2578","4472"
"2579","9068"
"2580","7238"
"2581","2323"
"2582","9948"
"2583","5419"
"2584","5159"
"2585","6019"
"2586","7991"
"2587","7842"
"2588","5314"
"2589","2230"
"2590","1105"
"2591","7814"
"2592","4902"
"2593","4047"
"2594","6776"
"2595","659"
"2596","3998"
"2597","8504"
"2598","6069"
"2599","6556"
"2600","9364"
"2601","211"
"2602","4779"
"2603","8620"
"2604","4192"
"2605","6988"
"2606","169"
"2607","2136"
"2608","9101"
"2609","9063"
"2610","9759"
"2611","9763"
"2612","6140"
"2613","8699"
"2614","3277"
"2615","1597"
"2616","2995"
"2617","3738"
"2618","982"
"2619","5241"
"2620","1005"
"2621","5084"
"2622","1027"
"2623","7114"
"2624","7141"
"2625","2455"
"2626","9588"
"2627","5769"
"2628","8637"
"2629","3501"
"2630","2818"
"2631","1814"
"2632","9080"
"2633","5394"
"2634","2880"
"2635","632"
"2636","216"
"2637","57"
"2638","5216"
"2639","7186"
"2640","4881"
"2641","2602"
"2642","1122"
"2643","437"
"2644","9261"
"2645","6881"
"2646","6694"
"2647","6732"
"2648","7081"
"2649","5190"
"2650","8451"
"2651","6280"
"2652","828"
"2653","341"
"2654","8304"
"2655","8280"
"2656","2535"
"2657","6714"
"2658","5775"
"2659","8308"
"2660","3560"
"2661","7179"
"2662","9530"
"2663","5318"
"2664","4809"
"2665","4961"
"2666","6965"
"2667","9414"
"2668","9013"
"2669","659"
"2670","8771"
"2671","7585"
"2672","8219"
"2673","9153"
"2674","9877"
"2675","4229"
"2676","603"
"2677","91"
"2678","5917"
"2679","2076"
"2680","4445"
"2681","4140"
"2682","3968"
"2683","8690"
"2684","4769"
"2685","5814"
"2686","8506"
"2687","9524"
"2688","8832"
"2689","9643"
"2690","3660"
"2691","3863"
"2692","2674"
"2693","8581"
"2694","4256"
"2695","1570"
"2696","2937"
"2697","8851"
"2698","7805"
"2699","4234"
"2700","2187"
"2701","9072"
"2702","8134"
"2703","8584"
"2704","9165"
"2705","1377"
"2706","7116"
"2707","472"
"2708","698"
"2709","4571"
"2710","7652"
"2711","9985"
"2712","3395"
"2713","2287"
"2714","7060"
"2715","8156"
"2716","8688"
"2717","3524"
"2718","2934"
"2719","7587"
"2720","7764"
"2721","3231"
"2722","8095"
"2723","2295"
"2724","2159"
"2725","4448"
"2726","1449"
"2727","7021"
"2728","7566"
"2729","828"
"2730","300"
"2731","3351"
"2732","2861"
"2733","9619"
"2734","6284"
"2735","9435"
"2736","2556"
"2737","2494"
"2738","6348"
"2739","8066"
"2740","5119"
"2741","615"
"2742","6704"
"2743","7759"
"2744","2431"
"2745","5812"
"2746","4848"
"2747","3785"
"2748","3358"
"2749","4497"
"2750","2792"
"2751","1527"
"2752","8888"
"2753","4153"
"2754","6268"
"2755","4248"
"2756","3396"
"2757","7649"
"2758","313"
"2759","8668"
"2760","6474"
"2761","625"
"2762","615"
"2763","4978"
"2764","6927"
"2765","9887"
"2766","3275"
"2767","1326"
"2768","3180"
"2769","1322"
"2770","7112"
"2771","8758"
"2772","8221"
"2773","5809"
"2774","3733"
"2775","8266"
"2776","7781"
"2777","8638"
"2778","6490"
"2779","1710"
"2780","8782"
"2781","3330"
"2782","420"
"2783","6550"
"2784","8574"
"2785","9261"
"2786","1064"
"2787","2941"
"2788","1349"
"2789","2650"
"2790","2836"
"2791","9393"
"2792","3923"
"2793","8997"
"2794","8081"
"2795","3374"
"2796","6967"
"2797","6842"
"2798","9925"
"2799","2869"
"2800","2033"
"2801","1035"
"2802","8821"
"2803","9321"
"2804","9737"
"2805","8942"
"2806","7255"
"2807","1751"
"2808","2329"
"2809","4673"
"2810","6117"
"2811","3919"
"2812","3173"
"2813","6779"
"2814","221"
"2815","7491"
"2816","6539"
"2817","3936"
"2818","2726"
"2819","4955"
"2820","1989"
"2821","6896"
"2822","3454"
"2823","818"
"2824","5628"
"2825","8204"
"2826","7214"
"2827","3232"
"2828","4310"
"2829","8950"
"2830","2383"
"2831","7669"
"2832","2352"
"2833","741"
"2834","3941"
"2835","9983"
"2836","6726"
"2837","4370"
"2838","1833"
"2839","8888"
"2840","8575"
"2841","2050"
"2842","453"
"2843","1568"
"2844","8151"
"2845","7520"
"2846","297"
"2847","5170"
"2848","3876"
"2849","5125"
"2850","8890"
"2851","3589"
"2852","585"
"2853","39"
"2854","5690"
"2855","8305"
"2856","4216"
"2857","2699"
"2858","4627"
"2859","8252"
"2860","2018"
"2861","6969"
"2862","7228"
"2863","9569"
"2864","2267"
"2865","4427"
"2866","462"
"2867","6347"
"2868","8249"
"2869","3393"
"2870","6864"
"2871","7731"
"2872","2859"
"2873","3764"
"2874","4815"
"2875","820"
"2876","7655"
"2877","9364"
"2878","6474"
"2879","391"
"2880","5915"
"2881","6177"
"2882","7641"
"2883","2032"
"2884","916"
"2885","3667"
"2886","6781"
"2887","9956"
"2888","8749"
"2889","4294"
"2890","3218"
"2891","6933"
"2892","9647"
"2893","2629"
"2894","7186"
"2895","9980"
"2896","1575"
"2897","8145"
"2898","2627"
"2899","7570"
"2900","1750"
"2901","6911"
"2902","6016"
"2903","139"
"2904","4690"
"2905","5724"
"2906","5670"
"2907","8576"
"2908","6729"
"2909","221"
"2910","7989"
"2911","9175"
"2912","7413"
"2913","3655"
"2914","3398"
"2915","5584"
"2916","2651"
"2917","9831"
"2918","91"
"2919","4926"
"2920","1886"
"2921","1184"
"2922","2209"
"2923","113"
"2924","7041"
"2925","5983"
"2926","5747"
"2927","3708"
"2928","6201"
"2929","2796"
"2930","2025"
"2931","5192"
"2932","5936"
"2933","4271"
"2934","2797"
"2935","2100"
"2936","6390"
"2937","4845"
"2938","9822"
"2939","4375"
"2940","3074"
"2941","4750"
"2942","2861"
"2943","6452"
"2944","4455"
"2945","1483"
"2946","2997"
"2947","9097"
"2948","4929"
"2949","1833"
"2950","2936"
"2951","3972"
"2952","2063"
"2953","4285"
"2954","6340"
"2955","1809"
"2956","4506"
"2957","5115"
"2958","4292"
"2959","1444"
"2960","8531"
"2961","559"
"2962","1538"
"2963","1056"
"2964","9836"
"2965","6103"
"2966","6779"
"2967","8003"
"2968","2316"
"2969","6315"
"2970","8267"
"2971","7726"
"2972","6710"
"2973","6650"
"2974","5736"
"2975","5588"
"2976","563"
"2977","2482"
"2978","3914"
"2979","4286"
"2980","7419"
"2981","7452"
"2982","9367"
"2983","5672"
"2984","5203"
"2985","2705"
"2986","6189"
"2987","2892"
"2988","8369"
"2989","7341"
"2990","6105"
"2991","7113"
"2992","3691"
"2993","3279"
"2994","340"
"2995","5887"
"2996","6461"
"2997","6041"
"2998","5005"
"2999","1626"
"3000","7577"
"3001","6443"
"3002","8434"
"3003","5129"
"3004","8760"
"3005","518"
"3006","952"
"3007","7178"
"3008","2111"
"3009","8992"
"3010","1610"
"3011","2387"
"3012","3805"
"3013","9027"
"3014","5661"
"3015","6639"
"3016","8608"
"3017","3009"
"3018","6034"
"3019","3460"
"3020","5608"
"3021","7241"
"3022","5717"
"3023","1069"
"3024","6147"
"3025","1791"
"3026","6467"
"3027","2361"
"3028","2775"
"3029","8331"
"3030","408"
"3031","2847"
"3032","8079"
"3033","1024"
"3034","4870"
"3035","6171"
"3036","3756"
"3037","7927"
"3038","7138"
"3039","6506"
"3040","3469"
"3041","71"
"3042","5368"
"3043","334"
"3044","6394"
"3045","1395"
"3046","1710"
"3047","3886"
"3048","3561"
"3049","3969"
"3050","934"
"3051","3454"
"3052","5763"
"3053","8067"
"3054","3389"
"3055","4374"
"3056","8609"
"3057","1795"
"3058","6785"
"3059","3425"
"3060","8736"
"3061","6895"
"3062","0"
"3063","8356"
"3064","7379"
"3065","111"
"3066","5483"
"3067","4041"
"3068","4712"
"3069","1311"
"3070","681"
"3071","7576"
"3072","3347"
"3073","493"
"3074","7032"
"3075","2145"
"3076","3286"
"3077","9377"
"3078","9582"
"3079","9288"
"3080","8226"
"3081","9572"
"3082","414"
"3083","5757"
"3084","7335"
"3085","4446"
"3086","7494"
"3087","6215"
"3088","7735"
"3089","6080"
"3090","6308"
"3091","5932"
"3092","6281"
"3093","8650"
"3094","6425"
"3095","9855"
"3096","4858"
"3097","7483"
"3098","4470"
"3099","1207"
"3100","3597"
"3101","4787"
"3102","4371"
"3103","7432"
"3104","5203"
"3105","8070"
"3106","1759"
"3107","2081"
"3108","7350"
"3109","8655"
"3110","8113"
"3111","1617"
"3112","2911"
"3113","1294"
"3114","8668"
"3115","9158"
"3116","6855"
"3117","9408"
"3118","5810"
"3119","6179"
"3120","3899"
"3121","5049"
"3122","5839"
"3123","8702"
"3124","4696"
"3125","5457"
"3126","8342"
"3127","5443"
"3128","7046"
"3129","1112"
"3130","6202"
"3131","3288"
"3132","2706"
"3133","887"
"3134","4914"
"3135","2719"
"3136","9107"
"3137","7365"
"3138","1663"
"3139","1249"
"3140","2477"
"3141","7970"
"3142","3594"
"3143","6205"
"3144","212"
"3145","5796"
"3146","8662"
"3147","6637"
"3148","696"
"3149","5531"
"3150","6485"
"3151","4017"
"3152","8575"
"3153","3731"
"3154","1671"
"3155","3194"
"3156","8625"
"3157","6662"
"3158","5117"
"3159","245"
"3160","8525"
"3161","3611"
"3162","3099"
"3163","3633"
"3164","5064"
"3165","8815"
"3166","91"
"3167","991"
"3168","6597"
"3169","6334"
"3170","6078"
"3171","1382"
"3172","704"
"3173","1054"
"3174","1214"
"3175","2176"
"3176","2933"
"3177","1881"
"3178","8160"
"3179","7157"
"3180","7790"
"3181","4757"
"3182","9669"
"3183","2610"
"3184","5913"
"3185","9665"
"3186","3615"
"3187","2133"
"3188","7048"
"3189","2174"
"3190","3040"
"3191","2935"
"3192","9489"
"3193","3799"
"3194","5405"
"3195","2310"
"3196","2086"
"3197","5919"
"3198","7618"
"3199","9678"
"3200","639"
"3201","166"
"3202","8352"
"3203","2068"
"3204","4723"
"3205","8119"
"3206","8817"
"3207","9071"
"3208","6886"
"3209","1121"
"3210","5180"
"3211","9139"
"3212","7660"
"3213","9744"
"3214","3524"
"3215","9259"
"3216","8284"
"3217","5639"
"3218","3323"
"3219","6274"
"3220","9375"
"3221","589"
"3222","451"
"3223","1631"
"3224","1128"
"3225","2849"
"3226","9413"
"3227","3098"
"3228","5806"
"3229","682"
"3230","939"
"3231","1679"
"3232","468"
"3233","5344"
"3234","1959"
"3235","6910"
"3236","1385"
"3237","8849"
"3238","2359"
"3239","4685"
"3240","2411"
"3241","449"
"3242","2560"
"3243","2843"
"3244","9495"
"3245","3889"
"3246","5255"
"3247","9233"
"3248","3179"
"3249","2234"
"3250","9055"
"3251","71"
"3252","7101"
"3253","9734"
"3254","6156"
"3255","6367"
"3256","500"
"3257","1420"
"3258","2182"
"3259","6786"
"3260","8228"
"3261","1638"
"3262","2953"
"3263","7670"
"3264","9639"
"3265","6448"
"3266","1273"
"3267","569"
"3268","9527"
"3269","8592"
"3270","163"
"3271","6893"
"3272","4424"
"3273","172"
"3274","3823"
"3275","5376"
"3276","4642"
"3277","1004"
"3278","2994"
"3279","454"
"3280","6924"
"3281","9805"
"3282","4383"
"3283","4405"
"3284","3508"
"3285","4031"
"3286","3085"
"3287","2957"
"3288","1211"
"3289","8668"
"3290","5652"
"3291","6930"
"3292","3501"
"3293","9558"
"3294","5857"
"3295","5047"
"3296","7214"
"3297","347"
"3298","5417"
"3299","953"
"3300","2560"
"3301","647"
"3302","9563"
"3303","8453"
"3304","4705"
"3305","6791"
"3306","1805"
"3307","1911"
"3308","7441"
"3309","4597"
"3310","7288"
"3311","1280"
"3312","6082"
"3313","2165"
"3314","7936"
"3315","7539"
"3316","7048"
"3317","9803"
"3318","4443"
"3319","6140"
"3320","4656"
"3321","1430"
"3322","6308"
"3323","3805"
"3324","6380"
"3325","2045"
"3326","1623"
"3327","8167"
"3328","3900"
"3329","421"
"3330","3948"
"3331","8641"
"3332","3497"
"3333","812"
"3334","3409"
"3335","1320"
"3336","9194"
"3337","3941"
"3338","8463"
"3339","8580"
"3340","7722"
"3341","9520"
"3342","5087"
"3343","7650"
"3344","3793"
"3345","5925"
"3346","5189"
"3347","5699"
"3348","7374"
"3349","4573"
"3350","3210"
"3351","6688"
"3352","7878"
"3353","7037"
"3354","5992"
"3355","824"
"3356","2454"
"3357","464"
"3358","479"
"3359","6040"
"3360","8629"
"3361","6416"
"3362","5621"
"3363","3478"
"3364","4741"
"3365","721"
"3366","3561"
"3367","1115"
"3368","8472"
"3369","714"
"3370","4040"
"3371","634"
"3372","5150"
"3373","7809"
"3374","9929"
"3375","3328"
"3376","9341"
"3377","6257"
"3378","3187"
"3379","9178"
"3380","1386"
"3381","6203"
"3382","4126"
"3383","8878"
"3384","6595"
"3385","1718"
"3386","1111"
"3387","9015"
"3388","7487"
"3389","3732"
"3390","845"
"3391","6864"
"3392","4685"
"3393","7043"
"3394","5464"
"3395","5436"
"3396","8553"
"3397","7100"
"3398","8585"
"3399","5696"
"3400","9469"
"3401","3771"
"3402","3516"
"3403","8766"
"3404","9844"
"3405","6892"
"3406","2619"
"3407","3983"
"3408","8057"
"3409","4542"
"3410","6364"
"3411","2667"
"3412","1935"
"3413","3303"
"3414","6331"
"3415","3672"
"3416","1178"
"3417","1812"
"3418","5682"
"3419","5037"
"3420","3930"
"3421","7275"
"3422","3620"
"3423","2"
"3424","4375"
"3425","2655"
"3426","3865"
"3427","4534"
"3428","6744"
"3429","751"
"3430","9491"
"3431","5772"
"3432","5902"
"3433","4940"
"3434","7136"
"3435","1508"
"3436","9421"
"3437","6452"
"3438","2696"
"3439","7185"
"3440","7163"
"3441","3376"
"3442","7062"
"3443","6508"
"3444","2897"
"3445","1718"
"3446","244"
"3447","4980"
"3448","6863"
"3449","7740"
"3450","9951"
"3451","9967"
"3452","7499"
"3453","6970"
"3454","761"
"3455","2914"
"3456","7849"
"3457","7162"
"3458","3149"
"3459","7865"
"3460","2935"
"3461","7807"
"3462","3341"
"3463","9492"
"3464","3583"
"3465","4367"
"3466","3623"
"3467","2143"
"3468","9616"
"3469","3199"
"3470","518"
"3471","8956"
"3472","8422"
"3473","5353"
"3474","4565"
"3475","414"
"3476","549"
"3477","4300"
"3478","5230"
"3479","7156"
"3480","9749"
"3481","3617"
"3482","3921"
"3483","4193"
"3484","919"
"3485","6485"
"3486","5376"
"3487","3780"
"3488","5862"
"3489","5432"
"3490","6167"
"3491","1897"
"3492","8505"
"3493","6128"
"3494","2057"
"3495","7307"
"3496","9861"
"3497","2810"
"3498","2885"
"3499","6292"
"3500","9311"
"3501","639"
"3502","1767"
"3503","3394"
"3504","2958"
"3505","5439"
"3506","5995"
"3507","1640"
"3508","7663"
"3509","269"
"3510","1373"
"3511","8158"
"3512","5954"
"3513","8679"
"3514","6316"
"3515","7798"
"3516","9490"
"3517","8656"
"3518","7996"
"3519","1773"
"3520","1282"
"3521","5323"
"3522","2379"
"3523","1065"
"3524","3939"
"3525","3142"
"3526","43"
"3527","2709"
"3528","9826"
"3529","5009"
"3530","3294"
"3531","7654"
"3532","9390"
"3533","2169"
"3534","2704"
"3535","3577"
"3536","183"
"3537","886"
"3538","2910"
"3539","3036"
"3540","2146"
"3541","3277"
"3542","2980"
"3543","7718"
"3544","329"
"3545","2467"
"3546","9412"
"3547","2467"
"3548","9359"
"3549","4735"
"3550","4371"
"3551","7615"
"3552","4545"
"3553","7113"
"3554","7709"
"3555","7054"
"3556","8328"
"3557","5061"
"3558","2553"
"3559","4054"
"3560","1115"
"3561","3959"
"3562","1159"
"3563","3482"
"3564","2242"
"3565","7410"
"3566","2309"
"3567","9061"
"3568","5365"
"3569","3793"
"3570","3649"
"3571","5423"
"3572","2867"
"3573","6480"
"3574","7145"
"3575","4814"
"3576","7390"
"3577","1000"
"3578","4830"
"3579","3339"
"3580","5731"
"3581","629"
"3582","7543"
"3583","6256"
"3584","5959"
"3585","246"
"3586","3778"
"3587","4364"
"3588","2509"
"3589","4961"
"3590","7317"
"3591","8611"
"3592","2773"
"3593","8976"
"3594","3827"
"3595","4564"
"3596","1422"
"3597","908"
"3598","3402"
"3599","1000"
"3600","8476"
"3601","5684"
"3602","3016"
"3603","9044"
"3604","21"
"3605","5242"
"3606","3086"
"3607","1803"
"3608","869"
"3609","9418"
"3610","6829"
"3611","6164"
"3612","5665"
"3613","4408"
"3614","8749"
"3615","8067"
"3616","8440"
"3617","7477"
"3618","3613"
"3619","214"
"3620","2118"
"3621","6702"
"3622","2340"
"3623","3230"
"3624","1890"
"3625","8305"
"3626","3222"
"3627","5880"
"3628","1159"
"3629","7740"
"3630","1602"
"3631","2119"
"3632","8032"
"3633","3908"
"3634","3128"
"3635","8384"
"3636","4573"
"3637","6974"
"3638","1144"
"3639","7154"
"3640","8178"
"3641","7374"
"3642","9525"
"3643","3328"
"3644","5278"
"3645","2682"
"3646","1785"
"3647","4860"
"3648","4264"
"3649","9050"
"3650","5794"
"3651","5329"
"3652","6982"
"3653","9471"
"3654","730"
"3655","9005"
"3656","9592"
"3657","4701"
"3658","2068"
"3659","4473"
"3660","5889"
"3661","4182"
"3662","8546"
"3663","4295"
"3664","805"
"3665","9108"
"3666","9956"
"3667","7831"
"3668","8590"
"3669","370"
"3670","4315"
"3671","2950"
"3672","9977"
"3673","2776"
"3674","6891"
"3675","5315"
"3676","6125"
"3677","4737"
"3678","3359"
"3679","1727"
"3680","492"
"3681","1562"
"3682","4262"
"3683","9873"
"3684","1505"
"3685","2890"
"3686","6155"
"3687","3491"
"3688","4921"
"3689","1784"
"3690","2306"
"3691","2588"
"3692","9759"
"3693","7166"
"3694","8606"
"3695","7338"
"3696","3824"
"3697","4520"
"3698","3616"
"3699","3532"
"3700","2765"
"3701","7177"
"3702","5786"
"3703","874"
"3704","2766"
"3705","8282"
"3706","4914"
"3707","7394"
"3708","3283"
"3709","8111"
"3710","3266"
"3711","48"
"3712","4758"
"3713","3209"
"3714","6428"
"3715","4857"
"3716","3964"
"3717","5313"
"3718","4394"
"3719","3268"
"3720","2667"
"3721","7959"
"3722","8211"
"3723","2484"
"3724","5221"
"3725","5976"
"3726","682"
"3727","9862"
"3728","3059"
"3729","9045"
"3730","5297"
"3731","3268"
"3732","5773"
"3733","7142"
"3734","7259"
"3735","4036"
"3736","101"
"3737","8858"
"3738","2894"
"3739","9841"
"3740","5315"
"3741","7465"
"3742","7031"
"3743","9028"
"3744","1499"
"3745","8313"
"3746","6136"
"3747","9646"
"3748","2203"
"3749","3641"
"3750","3756"
"3751","9476"
"3752","6128"
"3753","3934"
"3754","7803"
"3755","2055"
"3756","5113"
"3757","1911"
"3758","9849"
"3759","1470"
"3760","883"
"3761","1327"
"3762","6169"
"3763","2643"
"3764","3"
"3765","1726"
"3766","7856"
"3767","9976"
"3768","738"
"3769","6540"
"3770","1492"
"3771","7044"
"3772","1346"
"3773","7604"
"3774","5538"
"3775","9341"
"3776","1375"
"3777","0"
"3778","7630"
"3779","6691"
"3780","6609"
"3781","9975"
"3782","5237"
"3783","8279"
"3784","5022"
"3785","5792"
"3786","31"
"3787","6582"
"3788","7596"
"3789","5601"
"3790","433"
"3791","3383"
"3792","4676"
"3793","3832"
"3794","4702"
"3795","108"
"3796","8050"
"3797","8277"
"3798","9102"
"3799","328"
"3800","5145"
"3801","3683"
"3802","5318"
"3803","5678"
"3804","4611"
"3805","9778"
"3806","775"
"3807","4369"
"3808","182"
"3809","4850"
"3810","4371"
"3811","9661"
"3812","6659"
"3813","7069"
"3814","3305"
"3815","5249"
"3816","9960"
"3817","6385"
"3818","2130"
"3819","6840"
"3820","9188"
"3821","8632"
"3822","3524"
"3823","2963"
"3824","7850"
"3825","9830"
"3826","5012"
"3827","2772"
"3828","7471"
"3829","8511"
"3830","7912"
"3831","7209"
"3832","1774"
"3833","5187"
"3834","7690"
"3835","7172"
"3836","1355"
"3837","2152"
"3838","4105"
"3839","8131"
"3840","9077"
"3841","1233"
"3842","1562"
"3843","6096"
"3844","148"
"3845","6048"
"3846","7372"
"3847","87"
"3848","5713"
"3849","4037"
"3850","3448"
"3851","2383"
"3852","7685"
"3853","7426"
"3854","3223"
"3855","1399"
"3856","5674"
"3857","9549"
"3858","6445"
"3859","351"
"3860","1838"
"3861","2864"
"3862","8356"
"3863","5312"
"3864","9941"
"3865","4609"
"3866","8292"
"3867","7353"
"3868","2430"
"3869","3545"
"3870","525"
"3871","3511"
"3872","6174"
"3873","5988"
"3874","823"
"3875","2512"
"3876","6937"
"3877","1156"
"3878","6593"
"3879","4316"
"3880","7535"
"3881","8625"
"3882","3222"
"3883","6592"
"3884","1538"
"3885","481"
"3886","845"
"3887","7048"
"3888","3510"
"3889","7216"
"3890","3263"
"3891","9776"
"3892","9922"
"3893","8204"
"3894","6836"
"3895","8016"
"3896","5987"
"3897","6544"
"3898","9094"
"3899","3218"
"3900","3071"
"3901","5931"
"3902","7335"
"3903","8945"
"3904","9462"
"3905","9228"
"3906","6815"
"3907","9440"
"3908","8213"
"3909","4877"
"3910","893"
"3911","260"
"3912","8837"
"3913","2265"
"3914","5758"
"3915","3390"
"3916","9136"
"3917","1514"
"3918","4332"
"3919","41"
"3920","8099"
"3921","4707"
"3922","5422"
"3923","2412"
"3924","367"
"3925","2359"
"3926","9693"
"3927","9213"
"3928","5226"
"3929","3845"
"3930","1558"
"3931","8643"
"3932","2674"
"3933","1025"
"3934","683"
"3935","5526"
"3936","2850"
"3937","5743"
"3938","7636"
"3939","933"
"3940","141"
"3941","1038"
"3942","1540"
"3943","1235"
"3944","8406"
"3945","7375"
"3946","1334"
"3947","1934"
"3948","2642"
"3949","2321"
"3950","7382"
"3951","9982"
"3952","182"
"3953","2427"
"3954","1468"
"3955","9351"
"3956","6250"
"3957","1061"
"3958","1523"
"3959","8203"
"3960","1647"
"3961","3811"
"3962","9383"
"3963","8159"
"3964","8972"
"3965","2926"
"3966","6397"
"3967","3384"
"3968","4"
"3969","6417"
"3970","6493"
"3971","3746"
"3972","2084"
"3973","9229"
"3974","778"
"3975","8429"
"3976","4392"
"3977","4890"
"3978","3554"
"3979","5812"
"3980","1741"
"3981","2474"
"3982","4736"
"3983","6539"
"3984","2177"
"3985","6667"
"3986","655"
"3987","1076"
"3988","5127"
"3989","890"
"3990","5913"
"3991","7598"
"3992","5286"
"3993","1918"
"3994","1470"
"3995","8731"
"3996","2337"
"3997","4984"
"3998","6928"
"3999","3901"
"4000","258"
"4001","7861"
"4002","7947"
"4003","7468"
"4004","1231"
"4005","8013"
"4006","1010"
"4007","9814"
"4008","3230"
"4009","8763"
"4010","9716"
"4011","5620"
"4012","6533"
"4013","3209"
"4014","9886"
"4015","548"
"4016","9786"
"4017","6216"
"4018","4330"
"4019","7912"
"4020","8153"
"4021","9097"
"4022","3253"
"4023","651"
"4024","3700"
"4025","2763"
"4026","3261"
"4027","539"
"4028","4484"
"4029","689"
"4030","8937"
"4031","8616"
"4032","8782"
"4033","4095"
"4034","3556"
"4035","9863"
"4036","6129"
"4037","3233"
"4038","4801"
"4039","6819"
"4040","1820"
"4041","8872"
"4042","6834"
"4043","6049"
"4044","3036"
"4045","4626"
"4046","7987"
"4047","7070"
"4048","6883"
"4049","5317"
"4050","3025"
"4051","4839"
"4052","3620"
"4053","2136"
"4054","953"
"4055","3476"
"4056","6523"
"4057","3005"
"4058","2891"
"4059","3875"
"4060","826"
"4061","2575"
"4062","8876"
"4063","1133"
"4064","6125"
"4065","9956"
"4066","8571"
"4067","6678"
"4068","9455"
"4069","4991"
"4070","1723"
"4071","7494"
"4072","5462"
"4073","3989"
"4074","4175"
"4075","4591"
"4076","7849"
"4077","1545"
"4078","389"
"4079","6123"
"4080","6226"
"4081","4934"
"4082","2825"
"4083","5332"
"4084","6990"
"4085","9305"
"4086","2506"
"4087","223"
"4088","2368"
"4089","7065"
"4090","9225"
"4091","4230"
"4092","998"
"4093","4196"
"4094","5437"
"4095","8432"
"4096","5540"
"4097","3847"
"4098","6132"
"4099","3023"
"4100","9693"
"4101","6057"
"4102","6964"
"4103","9205"
"4104","9984"
"4105","2068"
"4106","1456"
"4107","4628"
"4108","5406"
"4109","9026"
"4110","1526"
"4111","97"
"4112","6025"
"4113","6848"
"4114","1892"
"4115","8628"
"4116","4392"
"4117","8753"
"4118","27"
"4119","1375"
"4120","4216"
"4121","226"
"4122","2956"
"4123","9848"
"4124","1149"
"4125","5525"
"4126","6479"
"4127","4357"
"4128","5206"
"4129","9516"
"4130","9827"
"4131","8387"
"4132","3806"
"4133","7332"
"4134","8544"
"4135","2531"
"4136","5038"
"4137","7916"
"4138","39"
"4139","258"
"4140","4399"
"4141","9376"
"4142","2971"
"4143","1411"
"4144","8814"
"4145","4166"
"4146","8169"
"4147","475"
"4148","6153"
"4149","4004"
"4150","8210"
"4151","5944"
"4152","4437"
"4153","7196"
"4154","5129"
"4155","7343"
"4156","3458"
"4157","6966"
"4158","9176"
"4159","4273"
"4160","950"
"4161","9880"
"4162","7389"
"4163","5945"
"4164","1654"
"4165","9076"
"4166","882"
"4167","2676"
"4168","6180"
"4169","6398"
"4170","6010"
"4171","926"
"4172","449"
"4173","1401"
"4174","9847"
"4175","2389"
"4176","8883"
"4177","1965"
"4178","4521"
"4179","8380"
"4180","1202"
"4181","6486"
"4182","5409"
"4183","4910"
"4184","9261"
"4185","908"
"4186","3043"
"4187","1789"
"4188","9306"
"4189","7595"
"4190","5450"
"4191","4598"
"4192","8458"
"4193","7167"
"4194","8165"
"4195","7251"
"4196","4922"
"4197","3773"
"4198","3327"
"4199","333"
"4200","6358"
"4201","1152"
"4202","5437"
"4203","7787"
"4204","632"
"4205","7615"
"4206","7920"
"4207","9035"
"4208","126"
"4209","7048"
"4210","1290"
"4211","3868"
"4212","4218"
"4213","2235"
"4214","8029"
"4215","4086"
"4216","34"
"4217","293"
"4218","5615"
"4219","7462"
"4220","6024"
"4221","4856"
"4222","8058"
"4223","1754"
"4224","9492"
"4225","6867"
"4226","3615"
"4227","4870"
"4228","2382"
"4229","5843"
"4230","4091"
"4231","7472"
"4232","6056"
"4233","8022"
"4234","1506"
"4235","6222"
"4236","7911"
"4237","2759"
"4238","6824"
"4239","7834"
"4240","6226"
"4241","4187"
"4242","7359"
"4243","6526"
"4244","7170"
"4245","951"
"4246","7450"
"4247","1746"
"4248","410"
"4249","9244"
"4250","7871"
"4251","352"
"4252","1"
"4253","9296"
"4254","891"
"4255","5040"
"4256","8682"
"4257","3546"
"4258","9696"
"4259","2293"
"4260","3317"
"4261","9082"
"4262","8330"
"4263","3283"
"4264","1086"
"4265","3043"
"4266","79"
"4267","9147"
"4268","1074"
"4269","6629"
"4270","5732"
"4271","8340"
"4272","4770"
"4273","7019"
"4274","6732"
"4275","5064"
"4276","6433"
"4277","9230"
"4278","5787"
"4279","5816"
"4280","2088"
"4281","5492"
"4282","3961"
"4283","4141"
"4284","6072"
"4285","9001"
"4286","3699"
"4287","6220"
"4288","4191"
"4289","3160"
"4290","9563"
"4291","4485"
"4292","4579"
"4293","262"
"4294","4207"
"4295","1513"
"4296","9036"
"4297","8683"
"4298","71"
"4299","245"
"4300","927"
"4301","5502"
"4302","5160"
"4303","687"
"4304","3716"
"4305","9883"
"4306","6342"
"4307","3803"
"4308","1593"
"4309","740"
"4310","2182"
"4311","283"
"4312","9183"
"4313","6082"
"4314","241"
"4315","4193"
"4316","4210"
"4317","4470"
"4318","1844"
"4319","2098"
"4320","8007"
"4321","8992"
"4322","6404"
"4323","9242"
"4324","1213"
"4325","4922"
"4326","6879"
"4327","5253"
"4328","7958"
"4329","2051"
"4330","4830"
"4331","6929"
"4332","8335"
"4333","580"
"4334","4855"
"4335","4158"
"4336","955"
"4337","4320"
"4338","3951"
"4339","782"
"4340","638"
"4341","1388"
"4342","9933"
"4343","8463"
"4344","341"
"4345","1000"
"4346","2281"
"4347","7842"
"4348","739"
"4349","5082"
"4350","4131"
"4351","1095"
"4352","3077"
"4353","7750"
"4354","3760"
"4355","7543"
"4356","711"
"4357","1084"
"4358","6814"
"4359","3006"
"4360","9120"
"4361","7710"
"4362","7401"
"4363","5107"
"4364","6776"
"4365","7739"
"4366","4183"
"4367","3509"
"4368","7051"
"4369","4749"
"4370","2702"
"4371","3859"
"4372","7797"
"4373","3324"
"4374","6869"
"4375","5496"
"4376","2988"
"4377","1517"
"4378","199"
"4379","9842"
"4380","6718"
"4381","4122"
"4382","5796"
"4383","6461"
"4384","2511"
"4385","3055"
"4386","7857"
"4387","8241"
"4388","836"
"4389","2574"
"4390","2256"
"4391","4197"
"4392","110"
"4393","9632"
"4394","3259"
"4395","4622"
"4396","6606"
"4397","3481"
"4398","1290"
"4399","8248"
"4400","2023"
"4401","7863"
"4402","340"
"4403","6799"
"4404","8690"
"4405","7574"
"4406","82"
"4407","4042"
"4408","874"
"4409","1266"
"4410","606"
"4411","3317"
"4412","9095"
"4413","5387"
"4414","5658"
"4415","2554"
"4416","6696"
"4417","4366"
"4418","4734"
"4419","796"
"4420","6617"
"4421","8262"
"4422","745"
"4423","3967"
"4424","2133"
"4425","590"
"4426","8696"
"4427","967"
"4428","7604"
"4429","9345"
"4430","9365"
"4431","5883"
"4432","5301"
"4433","6608"
"4434","5095"
"4435","6885"
"4436","840"
"4437","928"
"4438","3079"
"4439","1098"
"4440","2802"
"4441","8397"
"4442","1474"
"4443","465"
"4444","915"
"4445","6591"
"4446","5994"
"4447","5041"
"4448","5188"
"4449","600"
"4450","3832"
"4451","3419"
"4452","777"
"4453","1974"
"4454","9244"
"4455","7537"
"4456","359"
"4457","5147"
"4458","325"
"4459","6849"
"4460","9599"
"4461","775"
"4462","8028"
"4463","9075"
"4464","664"
"4465","4367"
"4466","4346"
"4467","2507"
"4468","1499"
"4469","4156"
"4470","2713"
"4471","586"
"4472","4648"
"4473","466"
"4474","9848"
"4475","6728"
"4476","5110"
"4477","715"
"4478","2793"
"4479","7814"
"4480","7335"
"4481","9312"
"4482","7332"
"4483","4547"
"4484","8873"
"4485","4675"
"4486","8734"
"4487","2893"
"4488","9289"
"4489","8332"
"4490","9285"
"4491","4498"
"4492","6643"
"4493","4446"
"4494","5458"
"4495","5938"
"4496","5172"
"4497","4533"
"4498","881"
"4499","1458"
"4500","9888"
"4501","7311"
"4502","1356"
"4503","7200"
"4504","7167"
"4505","5796"
"4506","5299"
"4507","2158"
"4508","51"
"4509","9555"
"4510","7784"
"4511","6541"
"4512","9685"
"4513","6794"
"4514","3255"
"4515","7960"
"4516","7869"
"4517","2609"
"4518","7539"
"4519","1177"
"4520","9407"
"4521","1556"
"4522","1164"
"4523","5116"
"4524","2226"
"4525","1804"
"4526","3772"
"4527","7774"
"4528","9565"
"4529","7592"
"4530","8432"
"4531","9089"
"4532","8635"
"4533","3533"
"4534","484"
"4535","3311"
"4536","7901"
"4537","5015"
"4538","5415"
"4539","7192"
"4540","6110"
"4541","8859"
"4542","990"
"4543","6219"
"4544","2818"
"4545","9275"
"4546","1588"
"4547","6765"
"4548","4823"
"4549","4308"
"4550","5343"
"4551","2808"
"4552","734"
"4553","8680"
"4554","3326"
"4555","19"
"4556","8867"
"4557","243"
"4558","9726"
"4559","1834"
"4560","9815"
"4561","2652"
"4562","2780"
"4563","3642"
"4564","2335"
"4565","8170"
"4566","6933"
"4567","651"
"4568","8053"
"4569","7040"
"4570","7721"
"4571","8186"
"4572","6556"
"4573","6615"
"4574","5854"
"4575","3474"
"4576","1442"
"4577","4086"
"4578","5008"
"4579","3607"
"4580","3614"
"4581","9792"
"4582","6070"
"4583","1182"
"4584","1192"
"4585","4859"
"4586","5248"
"4587","1628"
"4588","9544"
"4589","8616"
"4590","7852"
"4591","4218"
"4592","4742"
"4593","5652"
"4594","4968"
"4595","9554"
"4596","6129"
"4597","2762"
"4598","7858"
"4599","6009"
"4600","6171"
"4601","4418"
"4602","1052"
"4603","4792"
"4604","9457"
"4605","9274"
"4606","7595"
"4607","5704"
"4608","4857"
"4609","7344"
"4610","862"
"4611","7161"
"4612","7172"
"4613","1337"
"4614","1323"
"4615","9408"
"4616","9171"
"4617","8241"
"4618","1669"
"4619","8843"
"4620","9989"
"4621","4031"
"4622","554"
"4623","7810"
"4624","3022"
"4625","6500"
"4626","4681"
"4627","7948"
"4628","6116"
"4629","3392"
"4630","2704"
"4631","7227"
"4632","1267"
"4633","8658"
"4634","3364"
"4635","1557"
"4636","2288"
"4637","7482"
"4638","9690"
"4639","4016"
"4640","6907"
"4641","5372"
"4642","5986"
"4643","2969"
"4644","6941"
"4645","1971"
"4646","8227"
"4647","5552"
"4648","81"
"4649","9855"
"4650","6049"
"4651","9572"
"4652","6479"
"4653","6620"
"4654","3467"
"4655","7639"
"4656","7075"
"4657","177"
"4658","5601"
"4659","3325"
"4660","9661"
"4661","9442"
"4662","483"
"4663","4039"
"4664","6513"
"4665","2898"
"4666","9813"
"4667","6774"
"4668","4590"
"4669","5145"
"4670","7215"
"4671","4766"
"4672","3724"
"4673","3454"
"4674","8064"
"4675","2313"
"4676","4078"
"4677","4593"
"4678","8770"
"4679","7284"
"4680","4279"
"4681","1880"
"4682","2376"
"4683","5882"
"4684","2586"
"4685","6547"
"4686","6020"
"4687","8443"
"4688","9049"
"4689","414"
"4690","1062"
"4691","4617"
"4692","239"
"4693","6579"
"4694","287"
"4695","7439"
"4696","9545"
"4697","6585"
"4698","100"
"4699","9326"
"4700","6158"
"4701","8141"
"4702","893"
"4703","6790"
"4704","3664"
"4705","6443"
"4706","2781"
"4707","7325"
"4708","9755"
"4709","5177"
"4710","3420"
"4711","1375"
"4712","3578"
"4713","9520"
"4714","8911"
"4715","1586"
"4716","4137"
"4717","9800"
"4718","8073"
"4719","5332"
"4720","7460"
"4721","47"
"4722","9787"
"4723","6211"
"4724","3247"
"4725","7574"
"4726","5352"
"4727","5657"
"4728","3343"
"4729","8297"
"4730","547"
"4731","3603"
"4732","7877"
"4733","6232"
"4734","1785"
"4735","5340"
"4736","3963"
"4737","6822"
"4738","9147"
"4739","8730"
"4740","6391"
"4741","7533"
"4742","20"
"4743","8949"
"4744","8173"
"4745","316"
"4746","1353"
"4747","815"
"4748","5968"
"4749","1759"
"4750","814"
"4751","981"
"4752","6745"
"4753","4889"
"4754","981"
"4755","7808"
"4756","7984"
"4757","7233"
"4758","9409"
"4759","6904"
"4760","199"
"4761","582"
"4762","41"
"4763","6054"
"4764","8903"
"4765","6511"
"4766","3976"
"4767","4549"
"4768","7953"
"4769","980"
"4770","8865"
"4771","7924"
"4772","6918"
"4773","7571"
"4774","1423"
"4775","186"
"4776","4051"
"4777","2592"
"4778","7002"
"4779","1735"
"4780","1348"
"4781","8604"
"4782","7511"
"4783","2402"
"4784","170"
"4785","2384"
"4786","3287"
"4787","5060"
"4788","9783"
"4789","7974"
"4790","1999"
"4791","5072"
"4792","5189"
"4793","5652"
"4794","4343"
"4795","2526"
"4796","1078"
"4797","2758"
"4798","1420"
"4799","1059"
"4800","5351"
"4801","6456"
"4802","8448"
"4803","7103"
"4804","510"
"4805","2765"
"4806","3809"
"4807","178"
"4808","5282"
"4809","6750"
"4810","3751"
"4811","171"
"4812","4137"
"4813","3794"
"4814","9335"
"4815","6015"
"4816","3900"
"4817","262"
"4818","2021"
"4819","4707"
"4820","5607"
"4821","346"
"4822","790"
"4823","1270"
"4824","5565"
"4825","4968"
"4826","2387"
"4827","877"
"4828","7001"
"4829","9026"
"4830","89"
"4831","6188"
"4832","9327"
"4833","230"
"4834","798"
"4835","9262"
"4836","3632"
"4837","6656"
"4838","4814"
"4839","7890"
"4840","5020"
"4841","2060"
"4842","1011"
"4843","6754"
"4844","9970"
"4845","6039"
"4846","6451"
"4847","3232"
"4848","9827"
"4849","3506"
"4850","2163"
"4851","4016"
"4852","4261"
"4853","545"
"4854","842"
"4855","8300"
"4856","6003"
"4857","3334"
"4858","2832"
"4859","856"
"4860","3426"
"4861","1028"
"4862","8053"
"4863","195"
"4864","3134"
"4865","5283"
"4866","2238"
"4867","7190"
"4868","5682"
"4869","7488"
"4870","2217"
"4871","7212"
"4872","7751"
"4873","9934"
"4874","1826"
"4875","8430"
"4876","3828"
"4877","9501"
"4878","1599"
"4879","1642"
"4880","7796"
"4881","9541"
"4882","5158"
"4883","127"
"4884","8309"
"4885","8527"
"4886","2766"
"4887","168"
"4888","1532"
"4889","8512"
"4890","2594"
"4891","4546"
"4892","7509"
"4893","9875"
"4894","1538"
"4895","7788"
"4896","7160"
"4897","5362"
"4898","3588"
"4899","9498"
"4900","4536"
"4901","5649"
"4902","2440"
"4903","5590"
"4904","2950"
"4905","7287"
"4906","7865"
"4907","788"
"4908","8386"
"4909","5625"
"4910","8814"
"4911","1168"
"4912","2001"
"4913","5397"
"4914","6753"
"4915","5590"
"4916","602"
"4917","5576"
"4918","663"
"4919","4397"
"4920","9146"
"4921","6557"
"4922","7406"
"4923","1361"
"4924","5559"
"4925","4546"
"4926","5"
"4927","5739"
"4928","6354"
"4929","1672"
"4930","7652"
"4931","6591"
"4932","4917"
"4933","4311"
"4934","541"
"4935","275"
"4936","6332"
"4937","3563"
"4938","3706"
"4939","6519"
"4940","7937"
"4941","3552"
"4942","998"
"4943","1365"
"4944","431"
"4945","8501"
"4946","5128"
"4947","151"
"4948","6168"
"4949","1648"
"4950","4233"
"4951","1263"
"4952","7922"
"4953","9694"
"4954","5287"
"4955","8326"
"4956","6508"
"4957","3061"
"4958","3554"
"4959","6325"
"4960","6318"
"4961","8840"
"4962","9667"
"4963","8265"
"4964","5614"
"4965","7926"
"4966","7325"
"4967","5799"
"4968","767"
"4969","4319"
"4970","4955"
"4971","220"
"4972","9444"
"4973","5668"
"4974","6393"
"4975","5455"
"4976","3891"
"4977","9434"
"4978","8303"
"4979","2390"
"4980","2228"
"4981","5947"
"4982","2552"
"4983","5842"
"4984","5112"
"4985","4521"
"4986","8401"
"4987","1960"
"4988","2487"
"4989","5103"
"4990","2860"
"4991","4636"
"4992","722"
"4993","790"
"4994","3476"
"4995","9356"
"4996","3287"
"4997","8513"
"4998","3355"
"4999","6246"
